timestamp,item_id,customr_id,price,shipping_price,discount_code
2020-05-24T02:27:34Z,4,50,19.36,1.43,,5,79,5,2.19,
2020-05-24T08:02:05Z,5,43,13.39,1.51,,2,17,12.5,2.12,
2020-05-24T22:49:15Z,1,72,11.58,2.17,,1,98,10,1.9,
2020-05-25T19:05:42Z,5,4,16.85,1.67,54162-269,2,31,12.5,1.5,
2020-05-26T10:49:05Z,3,82,16.44,1.53,,2,13,12.5,2.55,
2020-05-26T16:13:46Z,2,64,10.73,2.01,,1,100,10,2.99,
2020-05-26T23:03:34Z,3,7,19.45,1.6,,4,95,13.75,1.44,
2020-05-27T01:44:02Z,5,42,14.78,1.72,,1,27,10,1.24,
2020-05-27T18:10:45Z,2,88,14.68,1.93,,1,87,10,2.02,
2020-05-27T18:19:13Z,2,25,16.35,2.78,,3,40,12.25,1.92,42291-109
2020-05-27T23:37:23Z,1,73,10.87,2.32,,2,27,12.5,2.42,
2020-05-28T10:15:58Z,5,89,16.81,1.55,,3,39,12.25,2.4,62670-4807
2020-05-28T13:39:11Z,5,46,15.71,1.26,,1,57,10,2.45,
2020-05-28T13:46:39Z,1,76,12.47,2.07,,5,44,5,1.31,
2020-05-28T14:39:44Z,1,82,17.88,2.82,,4,21,13.75,2.16,
2020-05-30T01:36:36Z,5,85,10.18,1.67,60512-2002,2,39,12.5,2.31,
2020-05-30T09:53:12Z,3,73,15.71,1.66,,3,71,14.25,2.72,
2020-05-30T12:08:16Z,2,3,19.78,2.09,60505-0562,4,74,13.75,1.3,
2020-05-30T13:27:11Z,4,7,17.02,2.22,,3,26,14.25,1.4,
2020-05-30T17:14:46Z,3,72,12.52,1.68,,4,88,13.75,1.9,
2020-05-31T01:52:24Z,4,9,14.03,1.98,,1,48,10,2.94,
2020-05-31T06:55:25Z,3,63,17.55,1.34,,5,10,5,2.65,
2020-05-31T13:24:38Z,5,9,14.07,1.56,,1,41,10,1,
2020-05-31T13:33:33Z,4,2,18.38,2.84,,4,80,13.75,1.87,
2020-06-01T19:06:17Z,3,57,17.25,1.12,,3,10,14.25,2.49,
2020-06-01T19:49:14Z,3,52,11.1,1.01,,5,45,5,1.55,
2020-06-02T20:02:58Z,1,25,12.99,1.32,,1,55,10,2.65,
2020-06-03T03:42:53Z,4,65,11.34,2.91,,2,10,12.5,1.93,
2020-06-03T06:20:20Z,3,79,19.66,1.05,,3,96,14.25,2.89,
2020-06-04T12:53:41Z,4,31,14.47,1.07,,3,18,14.25,2.92,
2020-06-04T13:58:15Z,5,38,18.96,1.11,,1,100,10,1.53,
2020-06-04T14:30:51Z,3,28,12.06,1.16,,4,65,13.75,1.4,
2020-06-04T22:40:44Z,1,90,17.66,2.55,,1,33,10,2.6,
2020-06-05T15:01:29Z,4,47,19.86,2.04,,4,7,13.75,2.73,
2020-06-05T17:55:33Z,3,55,16.71,1.83,,4,73,13.75,1.61,
2020-06-05T19:20:19Z,2,10,16.61,1.11,,3,97,14.25,1.73,
2020-06-06T01:47:10Z,5,27,12.61,2.21,,1,41,10,1.48,
2020-06-06T07:02:12Z,5,46,19.65,2.99,,5,33,5,1.79,
2020-06-06T07:24:40Z,2,59,19.38,1.14,,1,15,10,1.65,
2020-06-07T12:10:09Z,2,26,10.68,2.4,63029-644,1,100,10,2.66,
2020-06-08T04:54:54Z,4,9,19.15,2.21,,2,1,12.5,1.75,
2020-06-09T00:13:19Z,4,85,14.59,1.9,,1,41,10,2.11,
2020-06-09T20:09:26Z,5,95,15.1,2.23,,1,4,10,1.93,
2020-06-10T05:20:38Z,5,19,14.85,2.51,,1,3,10,1.56,
2020-06-10T05:56:47Z,1,12,17.98,2.39,,2,9,12.5,2.17,
2020-06-10T17:56:11Z,4,83,18.18,1.25,,1,46,10,2.33,
2020-06-11T01:05:34Z,4,24,16.79,1.85,,1,47,10,2.59,
2020-06-11T05:19:28Z,3,50,13.67,1.35,,3,38,14.25,1.15,
2020-06-11T05:22:21Z,2,91,18.3,1.99,,4,62,13.75,1.09,
2020-06-11T06:11:09Z,3,6,12.74,1.48,48951-4018,5,19,5,1.31,
2020-06-11T06:33:42Z,5,29,16.62,2.31,,2,33,12.5,1.66,
2020-06-11T17:17:38Z,5,39,15.44,2.27,,5,39,5,2.67,
2020-06-12T01:10:48Z,1,15,11.92,1.24,0363-6080,4,20,13.75,1.95,
2020-06-12T07:23:22Z,3,10,11.06,2.21,,1,75,10,1.04,
2020-06-12T08:27:42Z,5,4,19.97,2.02,,1,53,10,1.51,
2020-06-12T13:24:15Z,5,39,17.16,2.99,,5,87,5,1.33,
2020-06-12T19:34:12Z,5,60,16.71,2.84,,3,77,14.25,1.44,
2020-06-13T11:51:03Z,1,73,14.87,2.91,,2,85,12.5,1.4,
2020-06-13T21:39:19Z,3,99,17.31,1.59,,2,66,12.5,2.45,
2020-06-13T21:54:00Z,2,100,12.62,2.81,,5,82,5,1.81,
2020-06-14T06:15:33Z,1,22,13.73,1.7,,5,56,5,2.27,
2020-06-14T06:20:14Z,4,18,17.21,1.53,,1,31,10,2.09,
2020-06-14T06:39:02Z,2,28,13.34,1.39,,1,12,10,1.26,
2020-06-14T09:05:53Z,5,85,14.44,1.9,,1,68,10,1.85,
2020-06-14T15:23:37Z,1,28,16.61,2.62,,4,12,13.75,2,
2020-06-15T00:46:47Z,2,4,11.98,1.97,,5,86,5,1.79,
2020-06-15T16:54:16Z,3,2,19.46,2.42,,4,89,13.75,1.71,
2020-06-15T23:52:24Z,5,38,11.09,1.84,,1,21,10,2.24,
2020-06-17T00:52:14Z,3,70,17.04,1.44,,1,61,10,1.27,
2020-06-18T03:26:58Z,3,13,19.93,2.44,,2,96,12.5,2.89,
2020-06-18T10:36:11Z,1,80,15.91,1.17,,3,38,14.25,1.97,
2020-06-18T13:11:18Z,5,17,13.23,2.54,,4,73,13.75,1.52,
2020-06-18T15:21:51Z,3,30,12.45,1.06,,3,2,14.25,1.17,
2020-06-18T20:46:06Z,2,80,10.94,1.3,52686-259,1,24,10,1.53,
2020-06-19T04:18:10Z,2,39,19.54,1.12,,3,39,14.25,2.17,
2020-06-19T12:54:09Z,2,66,19.64,1.05,,3,89,14.25,1.58,
2020-06-19T21:23:21Z,2,27,14.5,2.89,,2,63,12.5,2.88,
2020-06-19T23:51:08Z,2,34,10.45,1.36,,3,89,14.25,1.45,
2020-06-20T07:18:00Z,2,37,18.96,1.53,,4,85,13.75,2.59,
2020-06-20T17:50:10Z,5,54,15.66,1.01,,2,82,11.5,2.75,68382-227
2020-06-21T07:46:30Z,4,3,11.78,2.83,,5,62,5,1.77,
2020-06-21T19:07:26Z,2,49,17.23,1.07,,2,32,12.5,2.44,
2020-06-22T12:19:30Z,2,52,13.36,2.82,,5,26,5,2.82,
2020-06-22T14:00:45Z,1,69,16.69,1.03,,4,65,13.75,2.31,
2020-06-22T18:49:06Z,5,49,16.54,2.71,52125-748,3,31,14.25,2.53,
2020-06-23T15:47:05Z,4,68,16.81,1.47,,2,19,12.5,2.91,
2020-06-24T04:56:27Z,4,18,16.75,1.36,,5,35,5,2.44,
2020-06-24T10:03:20Z,5,14,10.5,2.55,,2,31,11.5,1.45,76485-1024
2020-06-24T12:46:50Z,1,46,10.53,2.4,,3,12,14.25,2.98,
2020-06-24T16:32:54Z,2,76,19.95,2.66,0143-1767,5,3,5,2.97,
2020-06-24T23:24:36Z,2,49,11.29,2.98,,5,54,5,2.85,
2020-06-25T08:39:20Z,4,84,12.63,1.85,0615-5537,5,72,5,2.01,
2020-06-27T01:39:11Z,5,90,19.26,1.04,41250-236,1,18,10,2.43,
2020-06-27T07:57:01Z,3,44,14.51,2.62,,5,6,5,1.53,
2020-06-27T13:29:02Z,1,61,12.53,2.62,,3,44,14.25,2.15,
2020-06-27T17:24:44Z,3,25,17.16,1.86,,3,10,14.25,1.29,
2020-06-27T23:44:07Z,4,14,18.46,2.32,,3,86,14.25,1.85,
2020-06-28T16:31:15Z,3,46,10.35,1.46,63783-005,2,81,12.5,1.61,
2020-06-28T22:06:30Z,3,37,14.51,2.57,,4,70,13.75,2.26,50845-0099
2020-06-29T07:43:37Z,2,93,13.05,2.63,,3,89,14.25,1.5,
2020-06-29T15:50:46Z,4,18,10.4,1.65,,3,85,14.25,1.8,
2020-06-29T16:42:31Z,4,44,15.3,2.48,,4,7,13.75,2.81,
2020-06-29T18:37:02Z,4,65,18.71,1.13,,4,62,13.75,2.16,
2020-06-29T23:41:06Z,2,79,16.18,2.87,53808-0352,2,41,12.5,1.59,
2020-06-30T10:46:11Z,1,15,18.51,2.31,,2,32,12.5,2.96,
2020-06-30T18:02:26Z,3,34,11.81,2.31,,5,34,5,1.32,
2020-06-30T18:45:56Z,2,54,10.35,1.9,,3,16,14.25,1.69,
2020-07-01T04:32:22Z,1,57,18.81,2.54,,3,33,14.25,2.68,
2020-07-01T05:13:24Z,1,84,12.93,1.47,,4,32,13.75,1.25,24208-410
2020-07-01T08:18:47Z,1,28,19.54,2.09,,5,37,5,2.72,
2020-07-01T08:42:52Z,3,39,17.64,1.36,,5,77,5,2.54,
2020-07-01T17:31:18Z,1,54,17.17,2.81,,2,38,12.5,1.79,
2020-07-01T19:34:55Z,3,70,11.81,2.41,,5,26,5,1.25,
2020-07-02T00:02:28Z,5,59,19.15,2.69,,2,88,12.5,2.59,
2020-07-02T01:51:01Z,4,27,15.45,1.53,,2,7,12.5,2.65,
2020-07-02T10:29:49Z,3,85,16.9,1.49,,5,28,4,2.67,28107-009
2020-07-02T18:38:49Z,3,65,13.81,1.77,,1,66,10,2.85,
2020-07-03T09:51:09Z,4,57,12.53,2.65,,2,21,12.5,2.03,
2020-07-04T07:52:22Z,2,94,18.32,2.74,,2,52,12.5,1.76,
2020-07-04T14:19:39Z,2,42,18.59,2.47,61047-818,3,18,14.25,2.39,
2020-07-04T14:39:49Z,5,5,10.67,2.49,,1,43,10,2.76,
2020-07-05T08:17:18Z,4,20,11.73,2.47,,4,94,13.75,1.69,
2020-07-05T09:58:03Z,2,15,17.54,2.28,,4,62,13.75,1.18,
2020-07-07T04:37:07Z,3,96,12.39,2.9,,1,73,10,1.86,
2020-07-07T06:01:44Z,4,7,12.02,2.17,,5,10,5,2.24,
2020-07-07T18:35:21Z,1,41,15.81,1.86,,5,20,5,1.03,
2020-07-07T20:17:41Z,2,27,15.87,2.52,,2,50,12.5,1.31,
2020-07-08T00:07:26Z,3,40,18.69,1.23,,3,86,14.25,1.21,
2020-07-08T05:49:21Z,4,68,10.46,2.48,,5,100,5,1.51,
2020-07-08T07:03:25Z,1,42,11.97,1.88,,1,2,8.5,1.2,65321-023
2020-07-08T10:45:54Z,4,39,19.16,1.6,,5,99,5,1.52,
2020-07-08T19:03:00Z,3,68,17.12,2.81,,4,83,13.75,1.36,
2020-07-08T20:51:51Z,5,75,15.51,1.89,,4,37,13.75,2.35,
2020-07-08T21:24:44Z,4,4,18.6,1.36,,1,77,10,1.16,
2020-07-09T10:35:04Z,3,56,10.76,1.12,,2,83,12.5,1.34,
2020-07-09T15:07:45Z,5,66,17.38,2.39,,4,13,13.75,2.02,
2020-07-09T19:24:11Z,5,34,19.81,2.29,,4,42,13.75,1.73,64942-1200
2020-07-10T02:43:36Z,2,90,18.79,2.77,,3,59,14.25,1.62,
2020-07-10T05:18:56Z,3,58,16.34,2.65,,5,53,5,1.5,
2020-07-10T21:01:48Z,2,86,19.06,2.59,,5,27,5,1.07,
2020-07-11T01:13:33Z,5,92,13.27,1.56,49938-107,5,27,5,2.44,
2020-07-12T03:38:13Z,1,29,16.84,1.69,,1,81,10,1.88,
2020-07-12T21:42:11Z,1,4,14.31,1.13,,3,35,14.25,1.8,
2020-07-13T03:09:06Z,5,13,14.49,2.72,,3,15,14.25,2.09,
2020-07-13T05:27:08Z,1,81,11.99,2.19,,5,53,5,2.33,
2020-07-13T08:35:08Z,3,15,15.86,1.31,,5,14,5,2.93,
2020-07-13T11:09:46Z,3,13,15.28,1.49,,5,13,5,2.8,
2020-07-13T16:04:43Z,2,63,15.08,1.52,20276-200,3,25,14.25,2.83,
2020-07-14T14:30:24Z,2,93,16.73,1.35,,3,59,14.25,2.97,
2020-07-14T19:15:02Z,4,72,14.12,1.08,,4,27,13.75,1.28,
2020-07-14T20:36:39Z,4,93,18.97,1.44,,5,89,5,2.79,
2020-07-16T14:51:56Z,2,63,19.42,2.94,,1,34,10,2.12,
2020-07-17T11:31:38Z,5,44,16.8,2.89,,1,88,10,1.3,
2020-07-17T16:42:20Z,3,50,10.69,1.96,,1,10,10,2.37,
2020-07-18T22:48:39Z,2,80,16.73,2.8,,4,81,13.75,1.33,
2020-07-18T22:55:39Z,4,35,17.7,1.95,,4,52,13.75,1.73,
2020-07-19T00:24:14Z,2,18,10.02,2.33,,5,78,5,1.46,
2020-07-19T03:13:19Z,4,45,19.2,2.58,,2,78,12.5,1.98,
2020-07-19T14:31:30Z,4,77,18.95,2.51,,1,32,10,1.47,
2020-07-21T04:14:04Z,2,1,10.72,2.54,,5,55,5,2.39,
2020-07-21T07:56:26Z,2,74,15.89,1.23,,3,7,12.25,2.78,76420-742
2020-07-21T13:17:53Z,2,1,15.41,1.44,,1,80,10,2.25,
2020-07-24T08:27:22Z,5,75,19.3,1.48,0002-8770,1,31,10,2.32,
2020-07-24T10:56:54Z,1,18,11.03,2.37,,1,87,10,1.28,
2020-07-24T14:43:51Z,4,97,17.51,2.91,,4,56,13.75,2.29,53329-043
2020-07-25T02:50:41Z,4,25,12.48,1.32,,1,74,10,1.32,
2020-07-25T03:58:46Z,4,79,13.24,2.21,,5,1,5,1.96,
2020-07-25T11:41:03Z,3,30,18.51,2.45,,5,97,5,1.6,
2020-07-25T18:10:44Z,5,2,11.24,1.3,,3,46,14.25,1.52,
2020-07-25T23:31:52Z,1,77,18.83,1.92,,5,23,5,2.34,
2020-07-26T04:35:31Z,5,22,10.05,2.0,,4,15,13.75,1.15,
2020-07-26T09:24:11Z,1,23,17.29,2.26,,3,99,14.25,1.23,
2020-07-26T10:28:25Z,4,76,15.87,1.68,,4,57,13.75,2.7,
2020-07-28T07:00:46Z,4,3,10.26,2.34,,4,60,13.75,2.52,
2020-07-28T15:01:21Z,2,43,18.82,2.01,,4,43,13.75,2.19,
2020-07-29T09:17:30Z,2,76,14.16,2.3,,1,98,10,2.99,
2020-07-29T16:43:36Z,5,47,19.65,2.27,,4,3,13.75,2.34,
2020-07-29T19:49:23Z,2,55,14.91,1.77,,2,93,11.5,2.09,0781-1785
2020-07-29T23:31:25Z,5,48,19.27,2.55,,2,33,12.5,2.12,
2020-07-30T05:52:19Z,3,74,10.31,2.06,,5,53,5,1.28,
2020-07-30T06:48:10Z,1,45,10.7,1.93,,4,25,13.75,1.44,
2020-07-30T13:00:33Z,3,79,16.02,2.83,,2,41,11.5,2.84,49288-0144
2020-07-30T14:40:45Z,4,14,19.7,1.81,,4,84,13.75,1.55,61442-223
2020-07-30T23:33:16Z,5,17,16.6,2.16,,3,50,14.25,2.9,
2020-07-31T06:30:10Z,2,47,18.41,1.26,,5,54,5,2.15,
2020-07-31T09:29:52Z,3,10,15.4,1.85,,3,89,14.25,1.26,
2020-07-31T17:24:56Z,5,57,19.11,1.27,,5,32,5,2.1,
2020-07-31T20:42:57Z,5,99,14.23,2.95,,4,5,13.75,1.01,
2020-08-01T02:12:45Z,2,17,19.78,2.59,,2,62,12.5,2.16,
2020-08-01T02:36:04Z,5,27,12.02,1.2,,4,44,13.75,1.79,
2020-08-01T07:41:56Z,5,84,16.25,1.22,,3,93,12.25,1.08,30142-305
2020-08-01T10:23:57Z,3,29,17.07,1.63,,1,93,10,2.36,
2020-08-01T17:48:27Z,4,43,13.59,1.49,,5,5,5,1.5,
2020-08-01T18:16:23Z,4,18,15.35,2.54,,2,38,12.5,2.34,
2020-08-02T03:04:25Z,1,59,19.46,1.81,,2,32,12.5,1.6,
2020-08-02T14:42:01Z,4,97,17.09,2.43,,4,24,13.75,2.01,
2020-08-02T20:44:11Z,2,51,16.1,1.37,,4,50,13.75,2.32,0268-6714
2020-08-03T12:14:34Z,5,78,12.55,1.18,0603-5928,1,35,10,2.9,
2020-08-03T15:23:24Z,2,1,13.86,2.82,,1,94,10,2.42,
2020-08-03T16:39:27Z,3,13,10.5,1.8,45737-606,1,65,10,2.47,
2020-08-03T16:45:45Z,5,22,14.43,1.69,13310-146,2,87,12.5,2.95,
2020-08-03T19:01:09Z,2,31,14.99,1.6,,2,67,12.5,1.2,
2020-08-03T19:38:30Z,2,81,10.05,2.88,,1,97,10,1.41,
2020-08-03T23:24:06Z,1,60,10.88,1.03,,3,51,14.25,2.98,
2020-08-04T12:40:05Z,3,48,15.74,2.34,,2,7,12.5,1.05,
2020-08-04T15:23:47Z,2,31,10.99,1.13,,1,25,10,1.84,
2020-08-05T04:00:31Z,3,21,14.74,1.53,,4,51,13.75,1.71,
2020-08-05T17:59:56Z,1,45,17.69,2.74,,1,32,8.5,1.87,63941-530
2020-08-05T23:03:12Z,1,96,13.7,2.87,,4,65,13.75,1.08,
2020-08-06T05:55:36Z,5,78,10.9,2.62,,3,63,14.25,1.04,
2020-08-06T10:55:48Z,4,55,17.98,2.33,,5,33,5,1.82,
2020-08-06T18:37:53Z,3,90,14.67,2.96,,2,38,12.5,2.06,
2020-08-06T20:02:28Z,4,12,12.26,1.31,59469-171,3,76,14.25,1.15,
2020-08-07T01:16:05Z,2,3,10.66,2.94,,2,42,12.5,2.16,
2020-08-07T07:25:03Z,1,23,18.38,2.11,,2,59,12.5,2.45,
2020-08-07T11:03:58Z,5,37,19.82,2.46,,4,35,13.75,2.27,
2020-08-07T14:23:03Z,1,67,19.45,2.25,,1,78,10,2.42,
2020-08-08T03:05:07Z,2,37,16.7,1.04,42217-100,3,97,14.25,1.76,
2020-08-08T10:07:03Z,4,58,17.59,1.27,,1,19,10,2.93,
2020-08-08T12:12:39Z,1,2,16.76,1.76,,3,92,12.25,1.67,0179-8012
2020-08-08T16:02:32Z,3,4,13.19,2.24,,5,32,5,2.64,
2020-08-09T01:43:13Z,3,82,14.36,2.12,,4,98,13.75,2.62,
2020-08-09T18:58:01Z,5,97,14.58,1.21,,2,20,12.5,1.73,
2020-08-10T10:30:38Z,1,8,15.19,2.39,,4,63,13.75,1.2,
2020-08-10T13:08:55Z,5,49,13.21,2.03,,5,26,5,2.95,
2020-08-11T08:30:11Z,2,67,11.4,2.93,,4,54,13.75,1.89,
2020-08-11T17:49:10Z,2,41,16.43,2.65,,1,84,10,2.02,
2020-08-12T20:41:24Z,4,26,10.31,1.83,50563-151,4,42,13.75,2.41,
2020-08-13T00:04:11Z,2,65,19.35,1.61,,4,54,13.75,1.41,
2020-08-13T20:34:39Z,1,43,12.52,1.6,,1,68,8.5,1.54,36987-2083
2020-08-14T06:56:55Z,1,65,15.0,2.56,,5,100,5,2.73,
2020-08-15T01:37:52Z,2,89,17.46,2.13,,3,15,14.25,2.72,
2020-08-15T03:11:51Z,4,25,19.96,1.9,,3,4,14.25,1.48,
2020-08-15T04:09:27Z,1,87,14.06,1.49,,1,25,10,2.6,
2020-08-15T04:36:30Z,5,26,13.88,2.9,,4,61,13.75,1.65,
2020-08-15T08:41:22Z,2,30,12.94,2.47,,5,6,5,1.79,
2020-08-15T16:17:28Z,3,15,16.98,1.47,,4,75,13.75,1.82,
2020-08-15T23:44:32Z,2,63,17.8,1.96,,1,47,10,2.89,
2020-08-16T03:06:08Z,5,76,13.26,2.0,,3,4,14.25,2.77,
2020-08-16T09:43:32Z,5,34,13.05,2.22,,3,89,14.25,2.68,
2020-08-16T13:03:04Z,1,45,11.27,1.38,,2,40,12.5,2.25,
2020-08-16T17:04:36Z,2,43,19.13,2.54,,2,98,11.5,1.52,59779-839
2020-08-17T01:32:26Z,2,93,12.59,1.39,,4,74,13.75,1.04,
2020-08-17T01:40:33Z,5,48,16.65,2.03,,1,76,10,2.87,
2020-08-17T04:47:12Z,2,57,18.79,2.89,,2,17,12.5,1.37,
2020-08-19T05:03:26Z,4,87,19.74,1.8,0268-6674,4,57,13.75,1,
2020-08-19T09:37:04Z,3,94,19.96,1.32,,5,50,5,1.75,
2020-08-19T15:47:17Z,4,38,14.0,2.34,,3,45,14.25,2.15,
2020-08-20T04:51:45Z,3,88,10.11,1.92,,5,82,4,2.88,55154-4938
2020-08-21T15:35:12Z,2,18,11.71,1.3,,1,65,10,1.89,
2020-08-21T18:24:56Z,3,62,10.25,2.4,,2,39,12.5,2.5,
2020-08-22T12:35:19Z,2,69,19.42,2.0,,1,87,8.5,1.52,49288-0025
2020-08-22T13:58:51Z,3,40,10.29,2.61,,5,58,5,1.76,
2020-08-23T17:01:24Z,4,3,13.71,2.76,,2,50,12.5,1.09,
2020-08-24T16:02:09Z,2,39,12.3,1.82,,2,30,12.5,1.98,
2020-08-24T21:55:13Z,4,68,16.94,1.59,,3,12,14.25,1.41,
2020-08-25T03:12:36Z,3,98,14.0,1.66,,5,23,5,1.29,
2020-08-25T10:15:43Z,1,2,12.15,2.09,,3,55,14.25,1.88,
2020-08-25T12:38:42Z,3,54,13.63,1.36,,4,26,13.75,1.44,
2020-08-25T15:50:31Z,1,86,16.56,1.53,33992-1210,3,4,14.25,1.1,
2020-08-26T02:58:32Z,4,48,10.7,1.76,,5,52,5,2.32,
2020-08-26T20:10:02Z,5,16,11.3,1.8,,4,8,13.75,1.81,
2020-08-26T23:20:05Z,5,47,11.02,1.54,,1,8,10,2.22,
2020-08-27T10:13:37Z,4,40,12.98,2.52,,5,14,5,1.58,
2020-08-27T11:06:17Z,2,71,10.57,1.59,53200-005,5,77,5,1.5,
2020-08-27T12:37:14Z,3,82,16.04,2.64,0093-6137,1,46,10,2.67,
2020-08-28T03:43:52Z,4,59,17.74,2.76,,5,46,5,1.38,
2020-08-28T11:32:46Z,1,47,14.33,2.79,,3,66,14.25,2.73,
2020-08-28T23:51:34Z,5,6,14.97,1.81,,3,73,14.25,1.24,
2020-08-29T02:54:51Z,4,77,18.19,2.52,,3,63,14.25,2.42,
2020-08-29T04:35:44Z,1,57,16.58,1.78,,5,63,5,1.05,
2020-08-29T16:26:52Z,1,5,13.4,2.01,,4,11,13.75,2.6,
2020-08-29T17:03:32Z,3,86,16.81,2.64,,5,18,5,2.7,
2020-08-29T23:40:14Z,3,6,14.42,2.73,,3,93,14.25,1.4,
2020-08-30T01:30:55Z,1,52,16.66,1.09,,3,39,14.25,1.07,
2020-08-30T18:24:32Z,5,68,19.8,1.22,,2,22,12.5,2.34,
2020-08-31T20:06:41Z,2,20,13.82,1.78,,2,29,12.5,2.76,
2020-08-31T23:50:31Z,5,74,18.7,2.01,,4,35,13.75,1.13,
2020-09-01T09:19:26Z,5,44,17.3,2.76,,2,95,12.5,2.1,
2020-09-02T02:44:45Z,5,77,16.97,2.34,,3,13,14.25,1.1,
2020-09-02T07:11:48Z,1,5,12.92,2.08,,2,71,12.5,2.24,
2020-09-02T14:31:07Z,1,70,16.68,1.93,,4,62,13.75,2.89,
2020-09-02T17:49:34Z,2,55,16.28,1.54,,2,8,12.5,1.95,
2020-09-03T16:23:17Z,3,35,14.62,2.3,,2,85,12.5,1.3,
2020-09-03T18:09:19Z,5,60,14.28,2.45,,1,6,10,2.48,
2020-09-04T10:23:48Z,4,78,10.74,1.12,,3,14,14.25,2.04,
2020-09-04T12:24:48Z,2,68,18.45,2.11,,2,1,12.5,2.49,
2020-09-04T14:18:12Z,3,82,11.35,2.59,,2,2,12.5,1.82,
2020-09-04T17:32:15Z,3,63,14.81,2.26,,2,24,11.5,1.28,49348-805
2020-09-05T11:55:55Z,2,61,10.17,1.03,,4,72,13.75,1.68,
2020-09-05T12:39:04Z,2,5,16.84,1.15,,5,41,5,2.46,
2020-09-06T05:15:17Z,2,81,18.49,2.91,,1,19,10,2.25,
2020-09-06T06:58:14Z,2,92,19.96,2.11,,3,50,14.25,1.91,
2020-09-06T16:20:21Z,5,43,11.35,1.56,,3,12,14.25,1.33,
2020-09-06T21:48:05Z,2,73,16.88,1.24,,2,59,12.5,2.12,
2020-09-07T03:56:49Z,3,36,10.34,1.37,41520-223,4,70,13.75,2.55,
2020-09-07T05:33:10Z,3,68,13.42,2.49,,1,95,10,1.58,
2020-09-07T05:42:22Z,2,69,13.39,2.55,,2,99,12.5,1.48,
2020-09-07T07:41:21Z,3,95,15.7,1.95,,4,25,13.75,2.9,
2020-09-07T15:34:20Z,1,82,19.5,2.03,50964-040,2,57,12.5,2.75,
2020-09-07T15:44:10Z,1,20,12.26,2.09,,1,36,8.5,2.16,55154-2354
2020-09-07T20:10:21Z,1,92,16.69,1.37,,5,82,5,2.44,
2020-09-08T06:12:41Z,4,55,16.89,2.17,,1,100,10,1.01,
2020-09-08T06:46:58Z,2,26,10.82,1.12,,3,69,14.25,1.31,
2020-09-08T09:39:48Z,4,47,10.08,1.51,,5,8,5,1.67,
2020-09-08T12:29:16Z,1,64,11.48,2.45,,4,37,13.75,1.39,
2020-09-08T17:26:13Z,3,83,12.89,1.67,64058-413,1,90,10,2.08,
2020-09-08T19:54:13Z,1,27,11.14,1.65,,5,91,4,1.47,65044-2855
2020-09-09T11:31:48Z,4,19,14.52,2.51,,5,50,5,1.92,
2020-09-09T11:50:53Z,3,19,12.28,1.72,,5,93,5,2.7,
2020-09-09T19:48:37Z,5,29,10.02,1.32,,5,3,5,2.79,
2020-09-10T08:46:56Z,4,30,18.48,2.41,,4,74,13.75,2.35,
2020-09-10T09:25:04Z,5,32,18.39,2.95,0603-0410,3,38,14.25,2.96,
2020-09-10T19:21:03Z,5,20,13.94,2.39,,1,48,10,2.83,
2020-09-11T00:12:08Z,1,17,14.25,2.34,,2,2,12.5,1.23,
2020-09-11T07:15:40Z,5,21,13.52,2.49,,4,37,13.75,1.31,
2020-09-11T15:35:09Z,5,12,17.29,2.84,68327-020,4,14,13.75,1.61,
2020-09-12T00:05:26Z,4,40,16.3,1.54,,1,40,10,1.56,
2020-09-12T00:59:01Z,5,1,16.01,1.36,59762-1852,5,49,5,2.15,
2020-09-13T13:30:26Z,2,48,19.44,1.27,,4,55,13.75,1.84,
2020-09-13T18:41:38Z,5,64,17.17,2.97,,2,44,12.5,2.3,
2020-09-14T01:37:53Z,2,84,19.45,2.73,,1,95,8.5,2.37,63354-371
2020-09-14T02:30:57Z,3,73,18.13,1.81,,1,30,10,1.9,
2020-09-14T05:40:19Z,1,79,10.43,2.28,,2,59,12.5,2.78,
2020-09-14T09:24:18Z,1,62,10.23,1.11,,1,65,8.5,2.57,58232-4011
2020-09-14T23:13:46Z,5,48,11.87,1.45,,4,86,13.75,1.84,
2020-09-15T04:47:47Z,4,46,15.18,2.11,,1,31,10,1.68,
2020-09-15T17:43:48Z,1,22,15.1,1.4,,2,58,12.5,2.01,
2020-09-15T20:18:50Z,3,20,19.31,1.26,,4,3,13.75,2.76,
2020-09-16T05:04:35Z,3,79,15.47,1.48,,1,75,10,2.19,
2020-09-16T08:45:23Z,1,28,17.88,1.34,,2,49,12.5,1.11,
2020-09-16T09:17:37Z,5,64,12.84,1.83,,4,82,13.75,1.62,
2020-09-16T11:02:25Z,1,82,12.27,1.92,,5,33,5,1.77,
2020-09-16T11:24:20Z,3,83,11.88,1.08,,4,53,13.75,1.2,
2020-09-16T13:43:03Z,4,46,10.69,1.22,,5,75,5,2.67,
2020-09-17T05:31:41Z,5,42,14.82,1.82,,3,80,14.25,1.19,
2020-09-18T05:18:47Z,3,13,19.0,1.74,,4,42,13.75,2.38,
2020-09-18T06:30:13Z,1,12,11.64,1.53,,3,20,14.25,1.65,
2020-09-18T07:27:27Z,2,12,13.79,2.78,49967-033,1,89,10,1.92,
2020-09-18T11:45:11Z,4,92,12.97,2.29,,5,88,5,1.59,
2020-09-18T17:15:44Z,5,3,12.82,2.32,,3,54,14.25,2.91,
2020-09-18T20:04:12Z,5,41,10.5,2.12,,2,45,12.5,1.73,
2020-09-18T22:10:28Z,3,2,14.77,1.99,,2,35,12.5,1.05,
2020-09-19T11:12:34Z,5,62,15.65,2.69,,5,88,5,1.1,
2020-09-19T23:51:58Z,1,18,11.55,1.15,,5,15,5,2.89,
2020-09-20T03:06:08Z,5,4,11.27,1.57,,1,33,10,2.92,
2020-09-20T03:30:54Z,1,87,17.46,1.9,,4,41,13.75,1.76,
2020-09-20T17:33:51Z,5,1,10.3,2.81,,1,27,10,1.2,
2020-09-21T10:22:29Z,3,34,11.98,2.38,,2,7,12.5,2.25,
2020-09-22T13:22:50Z,1,39,12.37,1.07,,2,42,12.5,2.34,
2020-09-22T17:15:55Z,3,84,14.97,1.63,65841-040,3,61,14.25,1.05,
2020-09-22T20:41:04Z,4,100,11.28,2.81,,5,86,5,2.73,
2020-09-22T23:22:31Z,2,58,19.76,1.26,,5,10,5,1.41,
2020-09-23T01:14:11Z,5,12,17.54,2.23,,5,99,5,2.96,
2020-09-24T05:55:42Z,3,98,14.36,2.55,,3,32,14.25,2.81,
2020-09-25T01:45:46Z,1,87,15.59,1.94,,5,13,5,2.92,
2020-09-25T03:41:54Z,3,50,13.64,1.82,,5,88,5,1.67,
2020-09-26T05:57:44Z,2,22,11.26,2.72,,4,83,13.75,2.81,68007-203
2020-09-26T20:17:25Z,5,84,14.81,2.84,,4,33,13.75,2.07,
2020-09-26T20:36:30Z,4,44,16.38,2.08,,2,56,12.5,1.11,
2020-09-27T01:23:32Z,2,60,12.31,2.74,,5,28,5,1.85,
2020-09-27T05:09:18Z,3,44,13.92,2.85,,1,84,10,2.4,
2020-09-27T07:57:34Z,5,91,18.29,1.31,,4,82,13.75,1.37,
2020-09-28T18:28:39Z,2,54,13.16,2.02,,5,14,5,2.3,
2020-09-28T21:00:23Z,4,62,18.35,1.04,,2,96,12.5,2.34,
2020-09-29T00:44:50Z,4,36,17.63,2.92,,1,84,10,1.82,
2020-09-29T07:18:21Z,1,39,19.11,1.29,,2,32,11.5,2.92,54868-5186
2020-09-29T08:55:33Z,1,53,15.67,1.86,,2,29,12.5,1.86,
2020-09-29T10:07:36Z,4,88,11.47,1.5,,2,65,12.5,1.22,
2020-09-29T10:46:08Z,1,21,18.28,2.0,63739-141,2,51,12.5,2.06,
2020-09-29T20:36:27Z,2,53,15.64,2.36,,5,49,5,2.47,
2020-09-29T21:39:05Z,2,89,11.73,1.3,,1,45,10,1.52,
2020-09-30T15:49:55Z,1,89,16.91,2.71,,1,82,10,2.98,
2020-09-30T23:11:25Z,1,72,14.27,1.81,,1,33,10,1.11,
2020-10-01T17:50:24Z,1,83,15.96,1.71,,5,82,5,2.16,
2020-10-02T11:26:17Z,4,5,15.47,1.45,,3,11,14.25,2.16,
2020-10-02T19:11:44Z,1,76,11.42,2.33,,2,47,12.5,1.86,
2020-10-03T07:07:12Z,2,48,14.95,1.57,21695-005,4,4,13.75,1.43,
2020-10-03T16:32:20Z,1,12,16.55,1.53,,3,16,14.25,2.51,
2020-10-03T22:39:17Z,5,58,18.56,2.34,,1,19,10,1.3,
2020-10-04T00:37:04Z,4,7,17.48,1.46,,3,51,14.25,1.51,
2020-10-04T12:39:52Z,5,18,14.64,1.5,,4,24,13.75,1.17,
2020-10-04T13:27:28Z,4,89,11.5,2.52,,1,86,10,1.22,
2020-10-04T14:29:51Z,2,23,15.65,1.91,,5,1,5,2.13,
2020-10-04T16:30:18Z,3,88,18.65,1.31,,2,82,11.5,1.64,52959-620
2020-10-04T17:55:59Z,2,79,11.56,1.71,,4,55,13.75,2.46,0603-0026
2020-10-05T09:35:44Z,5,77,17.14,2.28,,2,59,12.5,2.33,
2020-10-05T11:33:01Z,1,5,11.26,1.9,,3,11,14.25,2.07,
2020-10-05T14:11:56Z,5,59,14.79,2.18,,5,85,5,2.68,
2020-10-06T17:34:02Z,3,30,10.35,1.83,55154-1925,5,16,5,2.57,
2020-10-06T18:15:42Z,4,6,16.53,1.1,,5,22,4,2.77,37000-232
2020-10-07T08:05:03Z,2,84,12.43,2.28,,4,5,13.75,1.24,
2020-10-07T08:53:47Z,1,53,18.25,2.68,,3,49,14.25,1.12,
2020-10-07T11:19:07Z,5,3,17.6,1.69,50458-562,4,46,13.75,2.69,
2020-10-07T12:58:15Z,3,45,17.46,2.47,,3,11,14.25,2,
2020-10-07T14:39:50Z,2,35,18.48,2.87,,1,100,10,1.76,
2020-10-08T07:23:31Z,2,100,13.01,1.87,,5,45,5,1.49,
2020-10-08T14:27:19Z,2,95,18.72,2.99,,1,43,8.5,2.35,42411-080
2020-10-08T16:08:12Z,2,89,15.63,2.12,,1,80,10,1.4,
2020-10-08T19:59:15Z,1,71,14.64,2.33,,4,71,13.75,1.11,
2020-10-09T21:16:05Z,5,98,16.84,3.0,,1,12,10,2.42,
2020-10-10T07:43:26Z,5,34,10.41,2.16,,2,36,12.5,1.78,
2020-10-10T23:44:40Z,1,78,10.52,2.82,,2,35,12.5,1.02,
2020-10-11T01:12:32Z,3,96,14.54,1.71,,4,48,13.75,2.16,
2020-10-11T04:00:41Z,2,33,12.29,1.16,,3,76,14.25,2.93,
2020-10-11T10:47:47Z,5,64,12.43,1.24,,4,25,13.75,1.5,
2020-10-11T19:32:04Z,5,66,11.44,2.53,,1,74,10,2,
2020-10-11T20:06:45Z,1,74,16.42,2.81,,1,100,10,1.61,
2020-10-11T20:44:38Z,3,49,10.56,2.19,,3,92,14.25,2.2,
2020-10-12T04:51:53Z,4,16,19.76,2.36,,1,89,10,1.37,
2020-10-13T05:05:47Z,3,39,12.34,2.44,,2,24,12.5,1.81,
2020-10-13T11:38:01Z,3,78,16.31,1.38,,2,66,12.5,1.58,
2020-10-13T17:29:31Z,4,34,12.13,2.45,,1,39,10,1.47,
2020-10-13T18:35:29Z,2,62,19.94,1.15,,3,5,14.25,2.92,
2020-10-14T17:04:09Z,5,25,16.77,2.39,0615-1546,1,63,10,2.57,
2020-10-14T17:41:45Z,5,20,18.94,1.44,,5,76,5,2.18,
2020-10-14T19:31:45Z,2,12,14.29,1.59,,3,74,14.25,2.1,
2020-10-15T19:11:40Z,1,43,18.02,2.46,,4,49,13.75,1.77,
2020-10-16T01:12:00Z,4,96,18.46,1.15,,1,88,10,1.62,
2020-10-16T04:50:22Z,4,69,13.45,2.0,,5,60,5,2.66,
2020-10-17T10:02:44Z,5,48,19.49,1.03,,3,49,14.25,2.44,
2020-10-17T12:22:55Z,5,99,13.27,1.39,,3,88,12.25,2.37,50184-1027
2020-10-18T08:31:24Z,2,88,19.22,1.41,,5,68,5,1.71,
2020-10-18T10:17:51Z,3,54,10.19,1.11,,3,17,14.25,2.76,
2020-10-18T22:14:21Z,2,50,16.02,2.97,,5,19,5,1.9,
2020-10-19T16:58:45Z,1,73,19.38,2.21,,3,6,14.25,1.21,
2020-10-20T10:13:19Z,1,76,15.8,1.77,,5,73,5,1.02,
2020-10-20T22:05:37Z,2,38,19.84,2.91,,1,35,10,2.9,
2020-10-20T23:24:07Z,1,94,19.74,1.64,,3,13,14.25,1.23,
2020-10-21T22:31:58Z,1,23,17.71,1.92,,2,14,12.5,1.1,
2020-10-22T10:00:46Z,4,27,14.37,2.97,,2,72,12.5,2.07,
2020-10-23T03:39:50Z,3,82,11.27,2.21,,3,9,14.25,2.99,
2020-10-23T04:36:27Z,3,4,12.94,1.5,,1,73,10,2.25,
2020-10-23T05:22:47Z,2,26,10.56,2.83,49035-000,2,32,12.5,2.42,
2020-10-23T12:45:50Z,5,42,11.75,2.22,,2,56,12.5,1.52,
2020-10-23T14:22:50Z,4,29,10.05,2.0,,4,33,13.75,2.8,
2020-10-24T12:30:02Z,1,64,10.67,2.46,,2,93,12.5,1.68,
2020-10-24T23:58:16Z,1,84,15.13,1.71,,4,80,13.75,2.18,
2020-10-25T05:58:40Z,1,58,19.72,2.46,,5,22,4,1.79,0406-3010
2020-10-25T13:07:45Z,3,38,14.0,2.31,,2,72,12.5,2.3,
2020-10-25T14:30:04Z,3,96,12.57,2.82,,4,96,13.75,1.52,62630-001
2020-10-25T15:00:55Z,5,68,16.13,2.51,10096-9363,1,71,10,1.19,
2020-10-26T00:54:56Z,3,59,19.09,1.01,,2,87,12.5,1.08,
2020-10-26T03:18:44Z,3,93,12.62,1.77,,2,40,12.5,2.38,
2020-10-26T06:05:53Z,3,28,16.5,1.38,,1,12,10,2.05,
2020-10-27T08:28:39Z,4,32,14.15,2.73,,5,93,5,1.02,
2020-10-27T11:14:00Z,1,87,11.48,2.15,,2,87,12.5,1.76,
2020-10-27T21:12:19Z,3,77,16.59,1.11,,4,94,13.75,2.51,
2020-10-27T22:29:59Z,2,51,16.53,1.88,,4,1,13.75,1.88,
2020-10-27T22:50:06Z,5,26,19.39,1.46,,3,50,14.25,2.96,
2020-10-28T02:10:40Z,5,13,12.59,1.23,49817-1989,2,56,12.5,1.7,
2020-10-28T02:44:49Z,4,31,18.08,2.39,,3,16,14.25,1.03,
2020-10-28T08:43:45Z,1,78,10.98,1.25,,1,22,10,1.76,
2020-10-28T09:20:51Z,2,24,18.24,1.72,,1,44,10,2.76,
2020-10-29T23:14:33Z,2,12,12.09,2.33,,1,83,10,1.16,
2020-10-30T01:13:41Z,4,30,16.99,2.29,,3,21,12.25,2.57,43353-031
2020-10-30T05:09:35Z,4,92,10.03,2.8,,3,32,14.25,2.43,
2020-10-30T07:14:47Z,5,39,14.11,2.13,,5,55,5,1.51,
2020-10-30T13:10:20Z,1,4,19.95,1.2,,3,3,14.25,1.84,
2020-10-31T04:48:13Z,2,100,17.66,1.5,,2,69,12.5,1.69,
2020-10-31T06:55:22Z,5,24,14.41,2.24,,5,28,5,2.76,
2020-10-31T09:05:43Z,2,12,10.5,1.68,,3,45,14.25,2.94,
2020-10-31T14:50:42Z,5,39,18.52,2.16,,2,94,12.5,1.19,
2020-11-01T01:34:41Z,3,91,12.76,1.86,,1,89,10,1.19,
2020-11-01T04:10:15Z,4,17,13.24,1.0,,5,87,5,2.17,
2020-11-01T09:28:49Z,3,5,18.03,2.35,,2,85,12.5,2.91,
2020-11-01T10:00:54Z,4,53,17.3,1.27,,3,83,14.25,2.04,
2020-11-01T19:27:43Z,3,94,14.73,2.82,,1,60,10,2.11,
2020-11-01T20:34:55Z,5,20,10.05,2.15,,4,96,13.75,2.04,
2020-11-02T00:30:01Z,5,50,17.2,1.03,,5,81,5,1.38,
2020-11-02T17:46:40Z,4,15,12.05,2.59,,1,31,10,2.68,
2020-11-02T19:20:24Z,3,23,11.38,2.18,,2,74,12.5,1.67,
2020-11-02T20:46:00Z,1,69,14.78,2.34,,3,27,14.25,1.8,
2020-11-03T01:32:14Z,1,88,11.01,2.21,,2,95,11.5,1.79,57337-000
2020-11-03T10:42:41Z,1,80,18.01,2.74,,1,33,10,2.22,
2020-11-03T18:21:53Z,4,95,16.18,1.76,10202-050,4,51,13.75,1.15,
2020-11-04T04:27:09Z,3,3,13.31,2.4,,2,27,12.5,2.25,
2020-11-04T13:49:29Z,3,42,11.3,2.57,,2,25,11.5,2.29,51386-713
2020-11-05T09:03:09Z,4,87,11.64,2.88,,1,95,10,2.07,
2020-11-05T16:02:11Z,5,10,13.06,2.26,,2,64,12.5,2.35,
2020-11-05T17:23:14Z,2,98,10.4,2.72,,2,70,12.5,2.54,
2020-11-05T23:20:17Z,1,84,10.81,1.18,,5,77,4,2.97,62037-942
2020-11-06T10:48:25Z,3,23,11.76,2.11,,4,64,13.75,2.41,
2020-11-06T12:23:49Z,5,19,18.15,2.77,68151-3083,5,35,5,1.48,
2020-11-06T22:04:04Z,5,1,10.97,1.18,,4,78,13.75,1.46,
2020-11-07T08:11:27Z,2,99,14.72,2.19,,2,70,12.5,1.39,
2020-11-07T13:23:09Z,5,90,19.15,1.16,,5,51,5,2.31,
2020-11-08T00:36:21Z,2,80,13.44,2.89,,3,5,14.25,2.36,
2020-11-08T01:42:25Z,4,7,15.17,1.69,,1,96,10,1.96,
2020-11-09T08:47:40Z,5,70,12.47,2.59,,5,32,5,1.83,
2020-11-09T08:54:13Z,1,34,11.87,1.85,,1,41,10,2.64,
2020-11-09T20:56:51Z,1,58,13.32,1.6,,1,48,10,2.3,
2020-11-10T06:22:26Z,5,53,16.1,2.43,,3,23,14.25,2.92,
2020-11-10T08:41:44Z,3,8,10.6,1.17,0781-1506,2,32,11.5,1.33,57524-013
2020-11-10T16:39:32Z,2,1,11.97,1.33,,4,66,13.75,2.35,63717-910
2020-11-10T23:00:47Z,2,3,15.25,1.58,,2,82,12.5,1.27,
2020-11-11T03:11:00Z,4,89,10.58,1.39,,2,71,12.5,2.65,
2020-11-11T12:19:37Z,4,37,18.03,2.69,,5,65,5,1.11,
2020-11-12T07:38:06Z,5,74,17.34,2.75,36987-1670,4,74,13.75,1.18,
2020-11-12T09:52:52Z,2,21,14.54,1.46,68180-644,2,93,12.5,2.93,
2020-11-13T08:05:34Z,1,85,18.18,2.65,,4,92,13.75,2.09,
2020-11-13T09:21:33Z,2,84,12.92,1.5,,2,7,11.5,1.28,55910-973
2020-11-14T01:29:11Z,1,44,13.19,1.13,54868-0860,1,73,10,2.25,
2020-11-14T02:17:53Z,2,57,18.58,1.56,,4,92,13.75,2.64,
2020-11-14T13:57:00Z,1,62,11.82,1.44,42002-509,2,15,12.5,2.64,
2020-11-15T08:12:40Z,5,1,18.22,2.14,,2,82,12.5,1.52,
2020-11-15T14:57:52Z,4,44,10.78,1.91,64117-190,2,12,12.5,1.02,
2020-11-15T18:14:58Z,2,75,11.53,1.79,0299-3822,2,2,12.5,1.53,
2020-11-16T02:27:47Z,1,1,17.73,2.05,54868-6048,3,16,14.25,2.28,
2020-11-17T00:09:02Z,3,37,11.66,1.85,,3,14,14.25,1.62,
2020-11-17T00:16:34Z,2,10,12.23,2.61,,2,69,12.5,1.08,
2020-11-17T08:57:47Z,5,74,13.45,1.67,,5,98,5,2.16,
2020-11-18T21:53:13Z,1,89,16.11,2.37,,5,15,5,2.67,
2020-11-19T11:37:40Z,5,61,12.41,2.7,,4,94,13.75,1.4,
2020-11-19T19:56:18Z,1,71,13.81,1.08,,4,31,13.75,2.61,37000-452
2020-11-20T04:05:14Z,2,7,12.69,2.0,,4,34,13.75,1.48,
2020-11-20T19:43:18Z,4,58,10.31,1.57,,4,29,13.75,2.48,
2020-11-21T03:41:04Z,2,12,18.42,1.06,,3,57,12.25,2.1,54868-6185
2020-11-21T05:28:56Z,4,48,14.39,2.89,,5,22,4,2.29,57520-0660
2020-11-21T08:00:15Z,4,57,16.75,2.78,,1,50,10,2.01,
2020-11-21T16:38:12Z,2,37,13.0,2.72,0113-0851,3,2,14.25,1.3,
2020-11-21T23:37:09Z,3,21,15.15,2.74,,1,60,10,1.49,
2020-11-22T15:25:28Z,1,80,11.18,1.88,,4,19,13.75,1.07,
2020-11-23T02:07:09Z,3,64,17.92,1.79,,2,5,12.5,2.79,
2020-11-23T12:13:42Z,2,10,12.62,2.94,,4,21,13.75,1.72,
2020-11-23T19:38:13Z,3,23,11.58,1.18,,2,29,12.5,1.27,
2020-11-24T04:22:56Z,1,71,15.15,1.57,,4,4,13.75,1.4,
2020-11-24T07:43:38Z,4,29,12.45,2.31,,1,43,10,2.59,
2020-11-25T20:19:49Z,5,93,10.38,2.82,,4,45,13.75,1.24,
2020-11-26T09:44:04Z,2,4,18.04,1.31,,4,37,13.75,2.29,
2020-11-27T04:32:55Z,2,94,12.53,2.86,,4,60,13.75,1.7,
2020-11-27T08:40:09Z,2,14,12.0,2.53,,5,3,5,2.37,
2020-11-28T04:27:37Z,2,52,12.76,2.21,,5,14,5,2.2,
2020-11-28T11:52:23Z,5,27,14.53,1.43,,3,18,14.25,1.11,
2020-11-29T05:46:52Z,3,78,17.72,2.88,,1,80,10,2.57,
2020-11-29T10:03:47Z,4,52,12.24,1.38,,5,58,5,2.27,
2020-11-30T13:31:33Z,1,83,19.52,1.2,,5,93,5,2.17,
2020-11-30T15:50:57Z,4,75,11.15,1.08,,3,67,14.25,1.45,
2020-11-30T16:03:44Z,3,69,11.47,2.76,,2,27,12.5,2.2,
2020-11-30T16:51:59Z,2,9,12.42,1.16,,3,85,14.25,2.32,
2020-11-30T17:28:45Z,2,39,16.65,1.23,,2,91,12.5,2.3,
2020-11-30T21:34:29Z,1,57,15.62,1.89,,2,6,12.5,2.81,
2020-12-01T16:40:30Z,2,54,15.46,2.54,,2,89,12.5,1.39,
2020-12-01T19:43:36Z,3,29,14.69,1.98,,4,56,13.75,3,
2020-12-01T22:19:23Z,5,15,10.02,2.41,,1,85,10,1.45,
2020-12-02T01:21:01Z,5,68,17.53,2.98,,2,25,12.5,1.4,
2020-12-02T12:46:42Z,5,25,19.72,2.97,,5,77,5,2.42,
2020-12-02T13:30:13Z,4,45,19.83,2.42,,5,96,5,1.18,
2020-12-02T16:39:11Z,4,80,18.62,1.93,,2,3,11.5,2.64,0338-6304
2020-12-02T17:37:16Z,2,2,16.28,1.12,,3,63,14.25,1.95,
2020-12-02T17:43:42Z,5,88,11.65,2.62,,1,97,10,1.48,
2020-12-03T09:26:53Z,1,63,12.33,1.07,55154-0359,2,87,12.5,2.73,
2020-12-04T03:36:51Z,1,34,11.08,1.44,,1,93,10,2.53,
2020-12-04T04:39:57Z,2,19,18.95,1.23,,3,17,14.25,2.66,
2020-12-04T10:01:58Z,3,43,11.97,2.68,,2,59,12.5,1.05,
2020-12-04T11:36:26Z,3,6,11.76,2.06,,5,11,5,1.74,
2020-12-04T17:49:19Z,3,100,18.36,1.75,,2,68,12.5,2.8,
2020-12-04T19:55:18Z,1,14,14.28,1.86,,2,56,12.5,2.08,
2020-12-04T22:24:45Z,1,24,18.53,1.14,,5,10,5,2.76,
2020-12-04T23:38:48Z,4,100,11.43,1.13,,3,26,14.25,2.41,
2020-12-05T01:41:05Z,5,9,17.48,2.49,,4,73,13.75,1.08,
2020-12-05T15:32:12Z,4,25,12.57,2.45,,3,98,14.25,1.01,
2020-12-05T19:08:27Z,3,6,10.58,2.9,,3,61,14.25,1.55,
2020-12-05T20:34:10Z,5,65,16.52,1.9,,3,19,14.25,2.89,
2020-12-06T03:03:56Z,1,12,12.3,2.12,,2,31,12.5,2.2,
2020-12-06T06:49:47Z,1,54,19.58,2.65,,1,76,10,1.83,
2020-12-06T09:52:51Z,3,57,19.07,2.15,,5,84,5,2.52,
2020-12-06T10:34:21Z,2,61,15.73,2.32,,3,40,14.25,2.74,
2020-12-07T07:10:10Z,2,1,14.42,1.45,,1,43,10,1.18,
2020-12-08T18:15:16Z,5,35,16.1,2.13,,2,90,11.5,1.37,49999-789
2020-12-09T01:54:44Z,4,19,14.36,1.07,,3,4,14.25,1.75,
2020-12-09T06:44:51Z,1,87,17.29,1.88,,5,56,5,2.05,
2020-12-09T17:38:21Z,2,19,16.21,2.18,,5,85,5,1.37,
2020-12-10T05:31:23Z,2,36,10.44,2.2,,1,63,10,1.23,
2020-12-10T11:07:10Z,3,1,14.97,1.39,,3,34,14.25,2.06,
2020-12-12T08:54:32Z,3,30,13.62,2.68,,3,93,14.25,1.29,
2020-12-12T19:38:27Z,1,82,18.6,1.72,,2,42,12.5,2.9,
2020-12-13T06:09:21Z,3,83,12.58,2.19,,3,60,14.25,1.48,
2020-12-13T12:24:06Z,3,53,16.59,2.96,,2,95,12.5,1.25,
2020-12-13T13:34:27Z,4,38,18.77,1.5,,2,61,12.5,1.25,
2020-12-13T19:38:57Z,2,3,18.28,2.41,,5,17,5,1.11,
2020-12-13T23:56:37Z,5,81,15.41,2.45,,5,15,5,1.32,
2020-12-14T00:05:34Z,5,73,18.06,2.96,,4,7,13.75,1.46,60429-738
2020-12-14T09:14:31Z,4,64,15.46,2.2,,1,70,10,2.37,
2020-12-14T12:15:44Z,4,40,19.81,2.3,,5,73,5,1.63,
2020-12-14T13:09:20Z,4,87,12.13,1.27,,2,67,12.5,2.71,
2020-12-14T15:22:04Z,4,76,17.24,1.64,,1,63,10,2.18,
2020-12-14T21:58:34Z,1,63,10.06,2.05,,3,99,14.25,1.18,
2020-12-15T03:53:39Z,1,61,14.02,2.89,,5,34,4,1.37,68196-324
2020-12-15T05:36:33Z,1,76,15.81,1.4,,1,56,10,1.44,
2020-12-16T01:28:51Z,4,75,16.69,2.12,64038-944,3,80,14.25,1.81,
2020-12-16T02:35:10Z,3,84,10.74,1.74,,4,36,13.75,2.31,
2020-12-16T02:57:30Z,3,21,17.75,1.34,,2,6,12.5,2.42,
2020-12-16T07:17:51Z,1,32,13.64,1.7,51672-1330,1,47,10,1.9,
2020-12-16T12:30:33Z,2,88,12.77,2.54,,3,92,14.25,2.1,
2020-12-16T18:04:16Z,1,98,11.77,1.01,,4,28,13.75,2.4,
2020-12-16T22:14:39Z,1,11,13.2,1.18,,2,38,12.5,2.81,
2020-12-17T02:51:44Z,4,23,14.11,1.35,,1,96,10,2.09,
2020-12-17T15:49:59Z,4,14,15.62,2.42,,1,62,10,1.46,
2020-12-17T20:09:16Z,1,15,18.94,2.35,,4,27,13.75,1.57,
2020-12-17T22:04:07Z,3,5,12.12,2.71,,2,80,12.5,2.38,
2020-12-18T04:07:57Z,4,80,12.71,1.04,,1,100,10,2.85,
2020-12-18T12:49:25Z,4,39,18.78,2.88,,4,81,13.75,1.42,
2020-12-18T22:21:57Z,5,66,10.86,1.34,,4,7,13.75,2.66,
2020-12-19T06:11:31Z,3,17,12.09,1.27,,4,23,13.75,1.5,
2020-12-19T15:10:34Z,2,91,14.07,1.81,,5,56,5,1.86,
2020-12-20T01:39:05Z,1,87,18.77,1.52,,5,27,5,1.54,
2020-12-20T04:28:07Z,1,67,12.82,2.26,,5,24,5,2.67,
2020-12-21T07:43:12Z,5,51,10.23,2.68,,4,45,13.75,2.62,
2020-12-21T15:30:51Z,3,74,12.59,1.82,,5,86,5,1.53,
2020-12-21T19:01:41Z,2,7,12.52,2.95,,4,55,13.75,1.97,
2020-12-22T02:43:42Z,2,100,12.62,1.31,,1,24,10,1.45,
2020-12-22T07:39:58Z,2,45,11.43,2.32,,3,58,14.25,1.36,
2020-12-22T20:02:56Z,5,13,10.13,2.98,,2,91,12.5,1.67,
2020-12-22T21:24:00Z,1,26,10.6,1.75,,3,50,14.25,1.85,
2020-12-23T01:08:40Z,4,10,14.87,2.51,,5,47,5,2.59,
2020-12-23T12:50:21Z,5,2,15.24,1.32,,3,68,14.25,2.81,
2020-12-23T19:43:16Z,3,38,10.52,2.86,,3,16,14.25,1.62,
2020-12-23T22:35:09Z,5,45,11.68,2.82,,4,34,13.75,1.64,
2020-12-24T06:40:03Z,3,1,15.15,2.12,,5,57,5,2.73,
2020-12-24T12:03:31Z,5,9,13.25,1.61,,5,70,5,1.17,
2020-12-25T04:52:24Z,1,60,15.19,1.1,,4,59,13.75,2.72,
2020-12-25T08:44:36Z,2,55,14.3,2.17,,4,15,13.75,1.21,
2020-12-25T11:17:12Z,1,98,19.2,1.98,,4,94,13.75,1.21,
2020-12-25T17:36:04Z,1,94,13.31,2.24,,5,44,5,1.16,
2020-12-25T22:05:20Z,1,98,15.36,2.63,,3,43,14.25,2.16,
2020-12-25T23:20:08Z,5,8,15.96,1.29,64889-0001,2,43,12.5,1.01,
2020-12-27T05:18:08Z,4,63,13.0,1.03,47593-443,2,31,12.5,2.68,
2020-12-27T10:40:24Z,3,67,16.28,2.21,,2,46,12.5,2.27,
2020-12-27T14:01:57Z,1,79,13.58,2.78,,4,100,13.75,2.31,
2020-12-27T14:30:40Z,3,8,19.98,1.72,,4,49,13.75,2.62,
2020-12-27T22:49:35Z,5,66,13.04,1.26,,3,4,14.25,2.77,
2020-12-28T03:39:49Z,3,94,17.43,1.41,,4,46,13.75,2.32,
2020-12-29T13:13:07Z,3,64,18.8,2.12,,4,12,13.75,1.64,
2020-12-29T18:16:01Z,2,23,19.28,1.62,,2,67,12.5,1.15,
2020-12-29T22:42:21Z,5,80,11.81,1.12,,2,8,12.5,1.71,
2020-12-30T13:38:00Z,1,53,17.74,1.37,,5,80,4,1.84,68151-4734
2020-12-31T07:06:42Z,4,92,14.22,1.35,,3,90,14.25,2.78,
2021-01-01T08:04:07Z,4,97,10.08,2.5,0049-0530,3,39,14.25,1.06,
2021-01-01T09:06:25Z,2,23,12.98,1.04,,2,66,12.5,2.85,
2021-01-01T12:10:38Z,5,28,14.51,2.13,,4,26,13.75,2.71,
2021-01-02T05:00:42Z,3,53,15.52,2.47,,1,80,10,2.5,
2021-01-03T10:15:41Z,2,80,10.13,1.11,,5,25,4,2.98,54569-6100
2021-01-03T16:37:08Z,5,73,11.98,1.57,,5,74,4,1.33,55992-023
2021-01-03T17:02:11Z,4,50,17.77,1.28,,3,39,14.25,2.77,
2021-01-04T06:36:45Z,4,29,14.26,1.8,,4,44,13.75,1.71,
2021-01-04T20:55:28Z,2,52,10.96,1.22,,5,64,4,2.76,43742-0295
2021-01-05T01:16:17Z,4,19,10.56,1.3,,1,39,8.5,2.14,51079-925
2021-01-05T14:07:29Z,2,92,19.62,2.4,,4,77,13.75,2.73,
2021-01-06T05:25:35Z,2,81,14.72,2.94,,3,56,14.25,1.27,
2021-01-06T08:29:41Z,5,50,19.41,1.16,53329-110,5,26,5,2.28,
2021-01-06T17:48:15Z,1,78,13.54,2.31,,4,27,13.75,1.76,
2021-01-07T06:06:09Z,5,99,12.15,2.7,,1,79,10,1.88,
2021-01-07T13:55:28Z,2,23,10.57,2.89,,2,53,12.5,2.68,
2021-01-07T18:39:07Z,3,26,16.42,1.22,,2,2,12.5,2.35,
2021-01-07T22:13:40Z,4,72,14.94,1.85,,4,24,13.75,1.91,
2021-01-08T09:59:09Z,3,4,14.05,2.59,,3,63,12.25,2.53,35356-720
2021-01-08T10:29:57Z,3,41,11.26,2.12,,4,44,13.75,2.74,
2021-01-08T15:28:24Z,4,12,10.87,2.21,,4,81,13.75,1.21,
2021-01-09T07:59:27Z,3,90,13.83,2.33,,2,39,12.5,1.16,
2021-01-09T13:31:08Z,4,76,18.64,1.71,,1,47,10,1.85,
2021-01-09T21:55:47Z,1,66,14.5,1.84,,2,51,12.5,1.69,
2021-01-10T13:30:37Z,4,21,11.46,1.41,54868-6118,5,40,5,2.35,
2021-01-11T13:01:19Z,3,19,18.39,1.2,55154-1927,1,17,10,1.17,
2021-01-11T14:14:05Z,2,74,11.14,1.91,,5,12,5,2.73,
2021-01-11T17:49:13Z,2,67,17.62,1.21,,2,29,12.5,2.04,
2021-01-12T07:01:47Z,3,90,16.85,2.28,,3,31,14.25,2.16,
2021-01-12T08:21:01Z,3,65,19.13,1.29,98132-730,5,3,5,1.04,
2021-01-12T08:55:12Z,1,63,18.58,1.99,,1,84,10,2.98,
2021-01-12T14:34:30Z,3,83,17.17,1.78,64117-810,1,58,10,2.84,
2021-01-13T20:04:20Z,4,37,11.84,2.02,,2,45,12.5,1.86,
2021-01-13T23:59:47Z,1,77,19.57,2.76,,2,32,12.5,1.41,
2021-01-13T23:59:56Z,5,91,16.76,2.06,,5,84,5,2.89,
2021-01-14T22:09:18Z,1,88,18.69,1.08,,2,9,12.5,1.36,
2021-01-15T10:11:37Z,3,41,10.31,1.97,,3,45,14.25,1.15,
2021-01-15T16:00:51Z,4,2,15.68,2.09,,4,16,13.75,2.13,
2021-01-15T16:04:14Z,2,94,14.79,1.05,,4,37,13.75,1.52,
2021-01-16T01:54:58Z,5,37,14.18,2.77,,2,59,12.5,1.78,
2021-01-16T05:10:37Z,4,68,12.85,1.17,,3,49,14.25,1.02,
2021-01-16T20:22:39Z,5,58,19.41,2.85,49035-915,2,8,12.5,1.86,
2021-01-17T00:53:58Z,2,19,13.6,1.21,,2,58,12.5,2.71,
2021-01-17T20:50:05Z,2,11,19.82,1.89,,1,64,10,1.14,
2021-01-18T00:03:38Z,1,91,14.73,1.59,,5,2,5,1.6,
2021-01-18T01:19:49Z,4,92,13.2,2.51,,3,79,12.25,2.61,41595-5512
2021-01-18T02:26:58Z,3,80,13.26,1.71,,1,59,10,2.31,
2021-01-18T18:14:45Z,3,10,15.4,2.34,,5,50,5,1.42,
2021-01-18T22:14:40Z,1,9,13.65,2.51,,1,48,10,2.64,
2021-01-18T22:42:02Z,1,86,15.36,1.66,,5,81,5,2.48,
2021-01-19T01:28:38Z,5,57,18.31,1.47,,1,56,10,1.3,
2021-01-19T13:03:30Z,1,54,17.2,2.67,,3,63,14.25,1.55,
2021-01-20T01:06:21Z,3,1,17.2,1.78,55154-4727,3,46,12.25,1.02,55714-4551
2021-01-20T02:56:33Z,3,52,18.46,1.97,,1,10,10,1.06,
2021-01-20T04:19:39Z,5,99,10.04,1.47,,2,86,11.5,2.48,61245-156
2021-01-20T07:01:58Z,2,25,17.74,2.44,,4,99,13.75,2.49,
2021-01-20T08:46:56Z,2,79,18.08,1.95,,2,71,12.5,2.69,
2021-01-20T12:51:07Z,5,62,10.76,2.67,,2,53,12.5,1.57,
2021-01-20T19:09:40Z,5,65,10.51,2.4,,3,73,14.25,1.99,
2021-01-21T02:45:46Z,4,97,19.23,2.16,,3,76,14.25,1.79,
2021-01-21T06:24:38Z,1,26,18.16,1.78,59630-170,1,32,10,2.36,
2021-01-21T07:18:27Z,3,86,19.18,1.18,,1,64,10,2.18,
2021-01-21T10:40:19Z,5,95,13.48,2.33,,5,67,5,2.83,
2021-01-21T22:12:26Z,2,30,10.51,2.16,,3,61,14.25,2.64,
2021-01-22T00:39:13Z,2,71,11.07,1.75,,3,84,12.25,1.25,60512-0015
2021-01-22T09:33:08Z,5,76,10.55,2.96,,3,99,14.25,1.83,
2021-01-22T12:47:20Z,2,45,17.37,2.28,,5,8,5,1.25,
2021-01-22T14:30:15Z,2,46,12.89,2.79,21130-069,4,3,13.75,2.19,
2021-01-22T17:58:15Z,4,41,14.06,1.1,,3,85,14.25,2.18,
2021-01-22T21:14:31Z,3,73,19.72,1.26,,1,21,10,1.04,
2021-01-23T01:39:07Z,1,90,18.28,2.66,,3,83,14.25,1.54,
2021-01-23T22:03:21Z,1,96,19.32,2.65,0013-2658,4,7,13.75,2.56,
2021-01-24T15:33:11Z,5,46,16.03,2.67,36987-1120,3,37,14.25,2.24,
2021-01-24T18:35:16Z,1,46,10.36,2.42,,4,38,13.75,2.67,
2021-01-24T22:04:07Z,3,4,19.65,1.84,,3,4,14.25,2.53,
2021-01-25T05:53:54Z,2,34,12.29,2.07,,2,25,12.5,1.91,
2021-01-25T09:17:04Z,5,94,12.34,2.49,,4,100,13.75,1.96,
2021-01-25T11:28:21Z,2,85,16.56,2.24,,1,55,10,2.29,
2021-01-25T19:59:27Z,5,16,15.44,2.88,61010-1112,3,1,14.25,1.5,
2021-01-26T09:15:30Z,2,79,15.99,2.74,,4,23,13.75,2.49,
2021-01-27T08:35:09Z,3,48,11.98,2.52,,5,92,4,1.61,11822-0440
2021-01-27T18:16:27Z,3,7,19.74,2.22,,1,56,10,2.68,
2021-01-28T03:12:31Z,3,94,17.91,2.25,,4,26,13.75,1.81,
2021-01-29T02:48:08Z,4,33,18.84,2.82,,3,11,14.25,1.53,
2021-01-29T06:03:53Z,4,59,19.48,1.3,,1,86,10,1.64,
2021-01-30T01:01:26Z,5,42,15.54,2.97,65044-3462,4,72,13.75,1.27,
2021-01-30T05:10:53Z,2,37,13.07,2.73,,3,54,14.25,2.31,
2021-01-30T11:22:56Z,1,72,13.01,2.38,,5,30,5,1.79,
2021-01-30T13:21:44Z,1,56,14.24,2.56,,5,87,5,2.2,
2021-01-30T14:06:10Z,2,36,18.59,1.02,0406-9208,4,13,13.75,1.12,
2021-01-30T14:28:30Z,3,71,16.71,2.52,53329-058,4,66,13.75,1.78,
2021-01-30T16:24:27Z,2,5,18.13,2.61,,4,94,13.75,2.46,
2021-01-30T17:20:41Z,2,54,19.21,1.24,,4,61,13.75,2.11,
2021-01-30T22:15:51Z,5,77,19.72,1.15,,2,33,12.5,2.64,
2021-01-31T16:13:31Z,2,43,14.11,1.02,,2,33,12.5,1.16,
2021-02-01T04:50:14Z,1,64,15.1,2.67,,3,6,12.25,1.85,62011-0053
2021-02-02T02:53:01Z,1,19,17.72,1.04,,1,2,10,2.41,
2021-02-02T04:15:33Z,1,90,12.05,1.32,55648-906,1,34,10,2.53,
2021-02-02T05:49:31Z,2,42,11.94,2.97,,4,98,13.75,1.38,
2021-02-02T06:02:07Z,5,33,17.78,1.77,,4,99,13.75,2.76,15338-150
2021-02-02T10:45:37Z,1,6,15.83,1.55,,1,47,10,2.12,
2021-02-03T18:49:18Z,5,56,17.46,1.02,,3,60,14.25,2.78,
2021-02-03T20:44:36Z,5,57,19.31,2.0,,1,98,8.5,2.75,64616-102
2021-02-03T22:49:22Z,1,57,11.04,2.98,,3,99,14.25,2.25,
2021-02-03T23:03:59Z,2,57,15.86,1.83,,4,73,13.75,1.03,
2021-02-04T00:02:43Z,1,91,11.83,2.59,,4,14,13.75,2.96,55319-501
2021-02-04T15:54:14Z,2,39,13.16,1.7,,3,52,14.25,2.48,
2021-02-04T16:26:12Z,3,53,14.48,1.33,,5,82,5,1.91,
2021-02-05T12:05:01Z,2,54,13.87,1.93,,4,57,13.75,1.43,
2021-02-05T18:45:11Z,4,65,14.94,1.05,,5,25,5,2.13,
2021-02-05T21:17:38Z,2,77,15.5,1.94,,5,30,5,1.65,
2021-02-05T22:40:56Z,1,77,11.03,1.5,,5,1,5,2.01,
2021-02-05T23:17:59Z,1,91,16.14,2.35,,2,36,12.5,1.94,
2021-02-06T00:34:22Z,4,35,15.87,1.3,,5,54,5,2.08,
2021-02-06T02:59:08Z,4,9,16.27,1.68,,4,26,13.75,1.29,
2021-02-06T15:10:42Z,4,5,16.89,2.16,,5,44,5,1.63,
2021-02-06T19:23:59Z,5,85,15.6,1.4,,1,59,10,2.05,
2021-02-08T23:16:18Z,1,81,18.59,2.04,,4,91,13.75,2.75,
2021-02-09T00:54:47Z,2,28,12.43,1.31,,2,26,12.5,1.8,
2021-02-09T05:03:11Z,1,74,12.23,1.87,,1,93,10,2.3,
2021-02-09T21:56:23Z,4,68,12.81,2.2,,1,11,10,1.32,
2021-02-10T00:18:27Z,3,1,12.37,2.9,,1,61,10,1.71,
2021-02-10T00:39:06Z,3,15,12.33,1.32,,2,72,12.5,1.2,
2021-02-10T01:28:21Z,4,18,11.43,1.32,,4,83,13.75,2.42,
2021-02-10T04:53:30Z,1,45,16.93,2.88,,3,80,14.25,1.64,
2021-02-10T10:23:54Z,5,65,14.82,2.37,,4,25,13.75,1.81,
2021-02-11T00:02:11Z,4,95,10.9,1.31,,4,81,13.75,1.39,
2021-02-12T00:57:19Z,2,35,13.54,1.86,,3,40,14.25,1.32,
2021-02-12T03:30:31Z,2,46,19.33,2.37,,4,15,13.75,1.55,0703-4767
2021-02-12T21:45:28Z,1,99,13.22,1.37,,3,52,14.25,2.81,
2021-02-12T22:17:15Z,3,53,12.19,1.82,,3,9,14.25,2.59,
2021-02-13T00:58:50Z,1,92,17.25,2.17,,5,96,5,1.2,
2021-02-13T16:43:59Z,4,21,18.65,2.97,,5,89,5,2.01,
2021-02-14T03:35:40Z,5,68,16.19,1.06,,2,59,12.5,2.2,
2021-02-14T06:48:30Z,2,66,12.94,2.93,43742-0057,2,37,12.5,2.01,
2021-02-14T18:02:21Z,4,29,17.63,2.18,,2,10,12.5,2.1,
2021-02-15T08:54:22Z,1,22,16.12,1.45,,3,2,12.25,2.68,57894-071
2021-02-16T00:33:34Z,5,47,18.95,1.63,,5,29,5,1.99,
2021-02-16T01:54:09Z,3,82,15.44,2.96,,2,32,12.5,2.97,
2021-02-16T04:15:28Z,1,13,15.42,2.02,0078-0366,2,13,12.5,2.74,
2021-02-16T05:40:46Z,2,30,10.79,1.64,,1,57,10,1.15,
2021-02-16T18:39:04Z,5,13,14.87,2.62,,2,23,12.5,1.55,
2021-02-17T01:09:45Z,4,46,18.24,2.14,,5,47,5,1.9,
2021-02-17T06:51:49Z,4,16,19.47,2.96,,4,45,13.75,1.09,37000-260
2021-02-18T14:38:58Z,1,12,10.88,2.16,,1,78,10,1.35,
2021-02-18T20:39:01Z,4,78,12.08,1.54,,2,47,12.5,1.01,
2021-02-19T15:09:52Z,5,97,10.04,2.3,,2,28,12.5,2.13,
2021-02-20T04:47:15Z,5,82,19.06,2.81,,2,1,12.5,1.42,
2021-02-20T07:56:31Z,2,67,16.76,1.29,,2,41,12.5,2.46,
2021-02-20T08:55:21Z,4,46,14.85,1.53,,1,4,10,2.69,
2021-02-20T11:07:30Z,3,77,11.46,1.42,,2,70,12.5,2.57,
2021-02-20T21:54:19Z,2,17,14.26,2.57,,4,5,13.75,2.68,
2021-02-21T13:16:02Z,1,93,18.58,1.75,,4,16,13.75,1.82,
2021-02-21T21:36:11Z,5,80,12.07,2.95,16590-636,1,75,10,2.28,
2021-02-22T02:11:05Z,1,15,16.83,2.19,,2,99,12.5,1.36,
2021-02-22T09:55:21Z,2,47,17.58,1.56,,3,86,14.25,1.24,
2021-02-22T11:09:17Z,5,94,12.99,2.33,,2,58,12.5,1.76,
2021-02-22T19:06:54Z,3,51,16.57,2.85,,1,89,10,2.65,
2021-02-24T05:38:36Z,5,59,16.36,1.74,,2,4,12.5,1.55,
2021-02-24T15:13:17Z,3,8,13.44,1.3,,1,44,10,2.94,
2021-02-24T15:28:02Z,1,100,12.0,1.77,65954-548,5,79,5,1.25,
2021-02-25T21:58:30Z,2,70,10.12,1.47,,2,52,11.5,1.51,10191-1940
2021-02-26T01:00:50Z,1,23,17.13,2.43,13668-038,3,83,14.25,1.55,
2021-02-26T01:07:59Z,1,81,19.44,2.29,,4,17,13.75,2.17,13668-090
2021-02-28T00:49:15Z,2,14,17.67,1.78,,1,93,10,1.11,
2021-02-28T07:17:55Z,5,50,16.65,2.51,,5,58,5,1.67,
2021-02-28T20:02:01Z,1,34,12.36,2.69,,1,36,8.5,1.01,54593-001
2021-02-28T22:05:47Z,3,54,12.79,1.38,,1,49,10,2.36,
2021-03-01T11:43:35Z,2,5,17.55,1.41,,1,61,8.5,1.54,61941-0111
2021-03-02T00:50:27Z,1,93,14.94,2.19,,3,95,14.25,1.38,
2021-03-02T08:28:44Z,1,63,10.99,1.54,0378-6088,1,42,10,1.2,
2021-03-02T19:58:40Z,5,87,18.46,1.37,,5,23,5,2.38,
2021-03-03T04:26:45Z,5,12,11.11,2.78,,2,39,12.5,2.8,
2021-03-03T11:51:57Z,3,41,18.25,2.26,,1,17,10,1.08,
2021-03-03T17:33:43Z,5,31,12.95,2.97,,5,73,5,1.26,
2021-03-03T21:42:31Z,3,24,16.95,2.21,,4,40,13.75,1.34,61722-182
2021-03-03T22:09:17Z,2,23,19.6,2.72,,3,74,14.25,1.81,
2021-03-03T22:12:38Z,5,65,10.56,1.64,,3,12,14.25,2.01,
2021-03-03T23:47:52Z,4,68,13.15,1.73,,4,57,13.75,1.02,
2021-03-04T10:15:51Z,3,44,19.47,2.75,,1,99,8.5,2.07,68428-038
2021-03-04T13:14:41Z,4,38,14.11,2.89,,2,93,12.5,1.1,
2021-03-05T05:20:41Z,1,75,12.13,2.68,,5,46,5,2.61,
2021-03-05T05:38:14Z,1,41,18.77,2.13,,5,33,5,1.49,
2021-03-05T07:20:29Z,4,66,16.93,1.65,,1,94,10,1.3,
2021-03-05T17:08:26Z,2,88,17.45,2.33,,1,66,10,1.83,
2021-03-05T19:27:38Z,5,63,14.15,2.75,0519-1344,3,73,14.25,2.93,
2021-03-05T22:32:19Z,1,15,15.38,1.62,,5,26,5,1.53,
2021-03-06T19:43:45Z,4,23,12.69,1.79,,2,95,12.5,2.86,
2021-03-06T23:03:04Z,4,18,11.41,2.05,,1,59,10,2.79,
2021-03-07T10:18:36Z,3,65,10.29,2.61,,2,51,12.5,2.21,
2021-03-07T10:20:54Z,2,95,15.05,1.51,,5,40,5,1.68,
2021-03-07T20:44:58Z,5,99,18.73,1.75,,2,92,12.5,2.7,
2021-03-08T05:38:44Z,3,42,11.3,2.78,0363-9031,1,87,10,1.77,
2021-03-09T00:27:58Z,5,7,13.46,1.84,,2,40,12.5,2.66,
2021-03-09T02:20:20Z,4,10,11.68,1.29,,1,45,10,1.77,
2021-03-09T21:52:22Z,3,12,18.01,1.44,,2,85,12.5,1.38,
2021-03-10T16:26:45Z,5,73,14.28,1.3,,4,71,13.75,2.7,
2021-03-11T16:34:17Z,2,49,18.68,1.22,,4,62,13.75,2.93,
2021-03-11T23:03:34Z,5,33,10.63,1.16,,3,71,14.25,1.28,
2021-03-12T02:23:16Z,1,7,18.03,2.38,,5,69,5,1.69,
2021-03-12T17:51:36Z,5,54,14.35,2.1,,1,48,10,1.41,
2021-03-13T17:32:44Z,1,45,13.57,2.98,,4,69,13.75,2.83,
2021-03-13T19:52:46Z,3,48,12.79,1.42,,3,42,14.25,2.79,
2021-03-15T20:54:47Z,5,63,12.21,1.53,,3,27,14.25,2.61,
2021-03-15T23:54:21Z,1,36,12.99,1.46,,4,95,13.75,2.16,
2021-03-16T00:45:45Z,3,34,18.27,2.31,,5,73,5,1.72,
2021-03-16T10:32:48Z,1,13,15.59,1.69,,5,24,5,2.61,
2021-03-16T19:54:11Z,2,36,19.78,2.27,,5,10,5,1.62,
2021-03-17T01:35:48Z,3,83,18.8,1.42,,4,44,13.75,2.27,
2021-03-17T12:53:33Z,5,10,12.65,2.28,,4,73,13.75,1.62,
2021-03-19T02:45:28Z,1,69,10.69,2.61,,1,46,8.5,2.81,68405-110
2021-03-19T10:17:13Z,5,32,16.22,1.41,,5,46,5,2.25,59779-027
2021-03-19T13:03:45Z,4,53,10.19,1.99,,4,92,13.75,1.97,
2021-03-19T19:07:15Z,2,53,18.73,1.04,,5,42,4,2.19,0093-5125
2021-03-20T09:30:42Z,3,32,17.94,1.99,98132-151,2,89,12.5,1.36,
2021-03-20T21:52:50Z,1,47,18.41,1.72,76437-609,3,25,12.25,2.47,55670-109
2021-03-21T13:46:38Z,5,82,11.94,2.34,,3,79,14.25,1.29,
2021-03-21T19:03:08Z,1,19,10.07,1.1,,4,46,13.75,2.72,
2021-03-22T03:36:57Z,2,95,15.11,1.91,,5,74,5,2.37,
2021-03-22T22:45:54Z,5,60,10.73,2.12,,1,63,10,2.35,
2021-03-23T04:00:17Z,4,67,17.09,2.36,,3,16,14.25,1.66,
2021-03-23T22:47:05Z,1,32,14.78,2.8,,3,87,14.25,2.09,
2021-03-25T00:12:03Z,4,93,16.54,1.53,,1,36,10,1.61,
2021-03-25T09:37:37Z,4,3,18.97,1.96,,1,81,10,1.31,
2021-03-25T11:50:23Z,5,84,16.62,1.77,0378-6324,3,8,14.25,2.66,
2021-03-25T13:49:03Z,3,60,15.7,1.91,,2,33,12.5,2.06,
2021-03-25T20:35:49Z,5,71,17.96,1.06,,5,40,5,2.42,
2021-03-26T17:32:05Z,3,13,10.74,1.26,,5,69,5,2.88,
2021-03-27T00:17:12Z,5,4,18.11,2.14,41520-721,2,15,12.5,1.63,
2021-03-27T01:45:41Z,5,56,14.96,2.89,,1,44,10,1.88,
2021-03-27T19:40:05Z,4,4,16.8,2.41,,3,3,12.25,1,0268-0966
2021-03-27T23:01:52Z,3,8,14.86,1.38,,5,53,5,1.32,
2021-03-28T12:58:35Z,5,5,14.92,2.88,,5,70,5,2.23,
2021-03-29T05:26:55Z,1,41,19.73,1.51,,2,88,12.5,1.46,
2021-03-29T05:31:49Z,5,78,18.8,1.31,33261-898,1,10,10,2.28,
2021-03-29T13:40:41Z,2,20,12.16,1.27,,3,98,14.25,1.21,
2021-03-30T01:00:38Z,3,92,15.73,1.22,36987-3055,1,10,10,2.73,
2021-03-30T09:42:28Z,3,24,13.02,1.23,,4,29,13.75,2.37,
2021-03-30T14:51:27Z,2,23,14.08,2.65,,4,26,13.75,1.35,
2021-03-30T16:26:17Z,2,24,12.03,2.03,,5,28,5,1.74,
2021-03-30T17:21:16Z,2,97,16.64,2.83,,3,70,14.25,1.95,
2021-03-31T00:48:54Z,4,85,18.88,1.59,,3,35,14.25,1.75,
2021-03-31T20:25:14Z,4,70,17.88,1.15,,4,20,13.75,2.22,0095-0049
2021-04-01T06:40:28Z,5,44,14.41,2.05,,2,7,12.5,1.67,
2021-04-01T19:43:19Z,5,52,17.16,1.85,,3,38,14.25,2.04,
2021-04-02T07:24:37Z,4,97,10.43,1.5,,2,4,12.5,1.16,
2021-04-02T13:03:58Z,3,38,19.5,1.45,68645-021,3,62,14.25,1.85,
2021-04-04T03:51:17Z,1,59,13.62,2.28,,4,100,13.75,2.29,
2021-04-05T12:11:31Z,2,41,15.66,2.43,,3,24,14.25,1.39,
2021-04-06T00:04:02Z,4,14,12.94,1.25,,3,84,14.25,1.9,
2021-04-06T03:38:54Z,2,26,18.13,2.9,,2,52,12.5,2.33,
2021-04-06T05:58:43Z,2,92,10.71,1.49,,4,53,13.75,1.78,
2021-04-06T07:15:57Z,3,53,19.42,2.33,,5,7,5,1.12,
2021-04-06T07:58:59Z,3,85,12.65,1.07,,2,52,12.5,2.99,
2021-04-06T11:25:19Z,5,57,17.93,1.54,,4,15,13.75,1.52,
2021-04-07T04:16:21Z,5,85,19.76,2.77,,4,25,13.75,2.07,
2021-04-07T16:30:37Z,4,45,19.34,1.62,,4,32,13.75,1.56,
2021-04-07T18:26:30Z,4,20,11.72,1.22,,5,17,4,1.26,41250-490
2021-04-07T19:06:47Z,5,2,18.07,2.03,,2,55,12.5,2.66,
2021-04-08T03:10:56Z,1,20,16.32,2.72,,4,12,13.75,2.1,
2021-04-08T14:41:07Z,4,70,10.01,1.83,,5,43,5,1.62,
2021-04-08T21:24:16Z,1,25,11.65,2.14,,4,75,13.75,1.32,
2021-04-09T18:22:06Z,5,6,19.26,2.82,,2,78,12.5,2.92,
2021-04-09T21:57:18Z,5,5,18.75,1.18,,1,46,10,1.93,
2021-04-09T21:58:11Z,1,60,18.9,1.58,,1,43,10,1.9,
2021-04-10T03:32:34Z,1,56,10.75,1.64,,1,79,10,1.85,
2021-04-10T09:10:49Z,4,99,11.63,1.7,62756-142,4,62,13.75,2.32,
2021-04-11T09:32:38Z,3,70,12.51,1.45,37205-446,1,84,10,1.85,
2021-04-11T09:41:00Z,5,31,13.94,1.66,,5,28,5,1.51,
2021-04-11T21:08:44Z,4,99,14.45,1.37,,1,74,10,2.78,
2021-04-11T22:34:28Z,3,24,13.12,2.2,,2,65,12.5,2.13,
2021-04-12T16:45:25Z,2,81,16.9,1.22,,3,38,12.25,1.08,0574-4072
2021-04-12T17:05:01Z,2,89,10.04,2.66,,1,64,10,2.48,
2021-04-13T22:23:14Z,4,98,15.33,2.48,,5,74,5,1.76,
2021-04-14T04:10:19Z,2,65,10.14,2.92,,4,83,13.75,2.91,
2021-04-14T22:11:37Z,3,93,14.06,1.4,,1,67,10,1.65,
2021-04-15T02:05:46Z,2,12,16.49,2.29,,4,96,13.75,2.48,
2021-04-15T04:20:30Z,2,26,15.08,2.84,,4,22,13.75,1.91,
2021-04-15T11:49:59Z,2,14,16.63,1.82,,5,62,5,2.81,
2021-04-15T12:01:18Z,5,96,10.27,2.85,,3,33,14.25,1.33,
2021-04-16T01:12:17Z,4,23,18.6,1.08,,5,63,5,1.82,
2021-04-17T07:41:33Z,4,61,17.51,1.89,,2,75,11.5,1.95,76117-001
2021-04-18T02:41:04Z,2,12,11.33,2.38,,5,71,5,2.09,
2021-04-18T11:14:51Z,5,61,12.79,2.15,,1,8,10,2.11,
2021-04-20T04:28:55Z,5,11,10.02,1.86,,3,79,14.25,1.95,
2021-04-20T05:39:30Z,2,2,19.0,2.35,,2,38,11.5,2.46,55648-927
2021-04-21T08:22:41Z,5,68,16.72,2.73,62802-109,4,89,13.75,2.92,60505-2533
2021-04-21T10:45:52Z,2,8,11.19,2.37,55910-489,4,8,13.75,2.91,
2021-04-21T19:41:27Z,3,63,15.07,2.51,,5,78,5,2.08,
2021-04-22T08:44:26Z,1,52,12.82,1.26,,1,42,10,2.76,
2021-04-22T12:18:55Z,4,75,17.61,1.83,,5,83,5,2.2,
2021-04-23T01:32:23Z,4,57,12.08,1.54,,1,83,10,1.66,
2021-04-23T12:41:34Z,5,50,17.78,1.55,,4,39,13.75,2.67,13811-544
2021-04-23T14:59:03Z,1,93,18.03,1.03,,2,82,12.5,1.29,
2021-04-24T02:45:31Z,5,57,10.82,1.17,,2,26,12.5,2.81,
2021-04-24T03:39:34Z,2,50,11.51,2.89,,4,29,13.75,1.69,
2021-04-24T07:47:29Z,1,58,18.51,1.84,,2,42,12.5,1.18,
2021-04-24T12:53:09Z,1,30,16.27,2.25,,3,47,12.25,2.87,37205-781
2021-04-24T23:09:00Z,3,79,19.92,2.9,,1,86,10,2.78,
2021-04-25T20:49:13Z,4,78,19.11,1.38,11523-4140,5,54,5,1.53,
2021-04-25T22:29:42Z,1,26,13.85,2.48,55154-0695,5,95,5,1.15,
2021-04-26T13:16:20Z,1,66,12.46,2.92,,1,21,10,2.74,
2021-04-26T15:15:20Z,4,56,10.78,2.02,,2,99,11.5,2.44,0378-0972
2021-04-26T23:44:47Z,1,30,12.82,1.57,,4,21,13.75,1.97,
2021-04-27T05:18:23Z,5,41,18.62,1.66,55154-2390,3,43,14.25,2.96,
2021-04-27T08:58:56Z,3,21,17.47,2.21,,3,96,14.25,2.45,
2021-04-27T12:14:28Z,3,13,12.04,2.66,,4,8,13.75,2.75,
2021-04-28T02:47:06Z,4,38,14.38,1.62,,4,57,13.75,2.17,
2021-04-28T21:56:32Z,3,4,16.47,2.86,,3,58,14.25,2.71,
2021-04-28T23:34:45Z,5,51,13.69,2.0,59762-0250,3,39,14.25,2.17,
2021-04-29T08:02:33Z,4,1,12.45,1.31,,2,26,12.5,1.1,
2021-04-29T08:23:48Z,2,12,17.16,2.88,,3,84,14.25,2.42,
2021-04-29T09:27:50Z,1,63,19.58,1.74,,5,59,5,2.26,
2021-04-29T18:38:32Z,4,42,16.37,2.79,,2,35,12.5,1.1,
2021-04-30T08:56:36Z,3,33,11.58,1.25,55289-609,2,13,12.5,1.6,
2021-04-30T20:26:01Z,4,92,12.97,1.38,,3,85,14.25,1.4,
2021-05-02T08:33:06Z,4,82,13.24,2.9,,3,37,14.25,1.22,
2021-05-02T20:38:21Z,5,56,10.03,1.43,,2,5,12.5,2.64,
2021-05-03T05:34:53Z,3,74,13.88,2.25,,4,17,13.75,1.6,63323-401
2021-05-03T06:00:27Z,3,76,13.45,1.74,,2,7,12.5,3,
2021-05-03T09:03:06Z,2,35,11.69,1.17,,2,26,12.5,1.33,
2021-05-04T08:22:59Z,4,45,12.2,2.73,,4,15,13.75,1.7,
2021-05-04T17:51:13Z,5,8,19.61,1.19,,4,76,13.75,2.14,
2021-05-05T01:06:46Z,2,26,16.13,2.61,,1,47,8.5,2.13,53329-139
2021-05-05T03:32:35Z,3,37,14.64,2.02,,2,30,12.5,1.42,
2021-05-05T06:58:09Z,1,97,13.31,2.18,,2,72,12.5,2.16,
2021-05-05T07:04:19Z,5,55,13.03,2.32,,1,28,10,1.93,
2021-05-05T13:29:11Z,3,79,18.86,2.17,,5,89,5,1.05,
2021-05-05T17:44:31Z,1,90,12.41,1.69,,2,82,12.5,2.46,
2021-05-05T22:51:27Z,1,96,12.62,2.88,,1,44,10,1.38,
2021-05-06T16:52:45Z,1,16,17.42,2.28,,2,45,12.5,2.67,
2021-05-06T18:39:56Z,5,60,11.04,2.82,59898-140,2,35,12.5,1.68,
2021-05-06T19:15:21Z,5,44,12.49,2.51,,3,15,14.25,1.17,
2021-05-07T05:40:07Z,2,36,11.87,2.05,13537-340,1,8,8.5,1.7,0054-0118
2021-05-07T11:26:16Z,3,65,10.78,1.67,,4,36,13.75,1.81,
2021-05-07T17:55:00Z,5,36,10.04,2.81,,3,39,14.25,1.99,
2021-05-08T00:00:17Z,1,28,19.42,2.15,,2,8,12.5,2.77,
2021-05-08T19:29:27Z,3,70,10.18,1.34,,5,59,5,2.13,
2021-05-10T12:02:20Z,3,81,10.04,2.81,52584-626,5,99,5,2.17,
2021-05-10T17:34:29Z,1,45,19.0,1.91,,5,82,5,2.4,
2021-05-12T01:15:08Z,3,59,18.05,2.67,,1,34,10,2.84,
2021-05-12T14:55:30Z,1,8,15.12,2.85,,4,4,13.75,2.33,
2021-05-12T20:40:51Z,1,74,17.31,1.37,,5,5,5,2.27,
2021-05-13T15:26:11Z,5,46,15.4,2.66,,1,89,10,2.8,
2021-05-14T17:25:36Z,1,89,19.88,2.97,,1,24,10,1.05,
2021-05-14T18:27:42Z,1,87,13.89,1.75,,1,35,10,1.57,
2021-05-15T11:36:54Z,1,75,19.78,1.81,,3,92,14.25,2.13,
2021-05-15T15:42:43Z,3,37,10.65,1.91,,5,43,5,1.69,
2021-05-15T17:04:32Z,3,39,11.4,2.62,,4,68,13.75,2.65,
2021-05-15T23:56:08Z,1,71,16.15,1.18,,1,79,10,1.66,
2021-05-16T03:01:54Z,1,24,10.35,1.37,,3,88,14.25,2.79,
2021-05-16T07:04:19Z,4,97,16.29,2.28,,3,62,14.25,2.77,
2021-05-16T09:47:36Z,1,7,17.71,1.35,,2,44,12.5,2,
2021-05-16T14:30:58Z,4,97,17.68,2.14,,2,66,12.5,2.44,
2021-05-18T07:55:07Z,2,84,12.7,2.03,,4,56,13.75,1.94,
2021-05-19T19:44:30Z,5,54,14.91,1.13,,2,25,12.5,1.69,
2021-05-20T15:31:09Z,5,5,14.7,1.96,59970-040,5,90,5,2.41,
2021-05-21T10:43:36Z,5,46,16.58,1.49,,2,15,12.5,1.85,
2021-05-21T19:33:20Z,2,82,12.45,1.44,,5,99,5,2.59,
2021-05-21T19:36:22Z,5,3,12.25,1.19,49349-938,2,89,12.5,2.35,
2021-05-22T00:07:45Z,1,49,16.81,2.05,,1,21,10,1.67,
2021-05-22T12:04:34Z,3,17,14.74,1.97,,5,41,5,2.81,
